Portfolio,Market State,Rebal Type,Rebal Value,Strategy,NoTLH_Final_NAV,NoTLH_Liq_NAV,TLH_Final_NAV,TLH_Liq_NAV,Pre_Liq_TaxAlpha,Post_Liq_TaxAlpha,TLH_Events,ExecCost_NoTLH,ExecCost_TLH,LiqTax_NoTLH,LiqTax_TLH
100/0 (TA ETF),Baseline (2010–2019),Absolute Threshold,0.05,Abs Threshold 5% | No TLH,2390111.33,2119516.8,2307595.99,2055843.8,-82515.33999999985,-63672.99999999977,18,1547.89,4317.81,267710.47,249051.41
100/0 (TA ETF),Baseline (2010–2019),Absolute Threshold,0.1,Abs Threshold 10% | No TLH,2488665.21,2187706.06,2458180.96,2161060.37,-30484.25,-26645.689999999944,9,1198.56,2643.73,297972.76,294174.94
100/0 (TA ETF),Baseline (2010–2019),Absolute Threshold,0.2,Abs Threshold 20% | No TLH,2488665.21,2187706.06,2458180.96,2161060.37,-30484.25,-26645.689999999944,9,1198.56,2643.73,297972.76,294174.94
100/0 (TA ETF),Baseline (2010–2019),Calendar,Monthly,Monthly Rebal | No TLH,2269844.03,2036231.85,2278076.28,2034587.77,8232.25,-1644.0800000000745,206,3406.51,5930.91,230880.78,240746.62
100/0 (TA ETF),Baseline (2010–2019),Calendar,Quarterly,Quarterly Rebal | No TLH,2282450.26,2043286.61,2303366.46,2046093.49,20916.200000000186,2806.8799999998882,109,2514.85,5183.25,236420.43,254503.92
100/0 (TA ETF),Baseline (2010–2019),Calendar,Yearly,Yearly Rebal | No TLH,2299914.67,2053314.03,2257522.81,2010822.77,-42391.85999999987,-42491.26000000001,33,1922.89,4572.87,243836.64,244019.97
100/0 (TA ETF),Baseline (2010–2019),Relative Threshold,0.25,Rel Threshold 25% | No TLH,2324520.23,2070708.02,2257226.97,2005862.78,-67293.25999999978,-64845.23999999999,41,1723.67,4468.06,251013.5,248721.31
100/0 (TA ETF),Baseline (2010–2019),Relative Threshold,0.5,Rel Threshold 50% | No TLH,2355118.23,2107307.66,2281671.18,2041140.65,-73447.04999999981,-66167.01000000024,23,1897.48,4857.26,244955.03,237860.54
2-ETF (IVV/EFA),Baseline (2010–2019),Absolute Threshold,0.05,Abs Threshold 5% | No TLH,2052334.43,1850919.3,2054456.4,1850398.39,2121.969999999972,-520.910000000149,2,1687.31,1978.64,198943.66,201586.64
2-ETF (IVV/EFA),Baseline (2010–2019),Absolute Threshold,0.1,Abs Threshold 10% | No TLH,2100799.21,1887776.09,2097273.6,1884075.08,-3525.6099999998696,-3701.0100000000093,1,1555.37,1860.31,210487.18,210683.05
2-ETF (IVV/EFA),Baseline (2010–2019),Absolute Threshold,0.2,Abs Threshold 20% | No TLH,2194652.81,1952848.96,2194652.81,1952848.96,0.0,0.0,0,1198.56,1198.56,239170.28,239170.28
2-ETF (IVV/EFA),Baseline (2010–2019),Calendar,Monthly,Monthly Rebal | No TLH,2006636.96,1821453.69,2009580.99,1820345.84,2944.030000000028,-1107.8499999998603,35,3046.16,3545.01,182770.56,186820.31
2-ETF (IVV/EFA),Baseline (2010–2019),Calendar,Quarterly,Quarterly Rebal | No TLH,2016596.16,1828053.69,2021050.47,1828810.87,4454.310000000056,757.1800000001676,14,2385.87,2805.43,186119.8,189811.44
2-ETF (IVV/EFA),Baseline (2010–2019),Calendar,Yearly,Yearly Rebal | No TLH,2027456.23,1833694.72,2030440.6,1833357.55,2984.3700000001118,-337.1699999999255,5,1831.42,2172.06,191323.56,194641.25
2-ETF (IVV/EFA),Baseline (2010–2019),Relative Threshold,0.25,Rel Threshold 25% | No TLH,2067539.07,1877519.32,2080703.71,1881108.85,13164.639999999898,3589.530000000028,3,1935.83,2842.88,187512.19,197080.47
2-ETF (IVV/EFA),Baseline (2010–2019),Relative Threshold,0.5,Rel Threshold 50% | No TLH,2119541.92,1922483.77,2131023.64,1926542.01,11481.720000000205,4058.2399999999907,1,1945.17,2615.28,194469.96,201887.15
3-ETF (SPY/TLT/GLD),Baseline (2010–2019),Absolute Threshold,0.05,Abs Threshold 5% | No TLH,1957951.41,1798608.21,1944782.19,1781258.27,-13169.219999999972,-17349.939999999944,7,3089.1,3526.53,156986.13,161189.15
3-ETF (SPY/TLT/GLD),Baseline (2010–2019),Absolute Threshold,0.1,Abs Threshold 10% | No TLH,1935578.15,1756957.69,1935578.15,1756957.69,0.0,0.0,0,1560.12,1560.12,176281.04,176281.04
3-ETF (SPY/TLT/GLD),Baseline (2010–2019),Absolute Threshold,0.2,Abs Threshold 20% | No TLH,1998148.64,1795881.42,1998148.64,1795881.42,0.0,0.0,0,1198.56,1198.56,199869.44,199869.44
3-ETF (SPY/TLT/GLD),Baseline (2010–2019),Calendar,Monthly,Monthly Rebal | No TLH,1934315.49,1784639.79,1920813.27,1769148.01,-13502.219999999972,-15491.780000000028,20,6743.41,7343.79,147337.85,149348.11
3-ETF (SPY/TLT/GLD),Baseline (2010–2019),Calendar,Quarterly,Quarterly Rebal | No TLH,1969712.95,1808931.04,1960289.57,1800137.17,-9423.379999999888,-8793.870000000112,8,4334.46,4612.86,158409.43,157790.56
3-ETF (SPY/TLT/GLD),Baseline (2010–2019),Calendar,Yearly,Yearly Rebal | No TLH,1934329.67,1765295.85,1929874.39,1760785.02,-4455.280000000028,-4510.8300000000745,2,2275.22,2432.28,166712.72,166773.15
3-ETF (SPY/TLT/GLD),Baseline (2010–2019),Relative Threshold,0.25,Rel Threshold 25% | No TLH,1950782.39,1785493.21,1952319.72,1783883.5,1537.3300000000745,-1609.7099999999627,2,2171.69,2324.55,162928.6,166077.48
3-ETF (SPY/TLT/GLD),Baseline (2010–2019),Relative Threshold,0.5,Rel Threshold 50% | No TLH,1968039.28,1799389.79,1968039.28,1799389.79,0.0,0.0,0,1896.78,1896.78,166246.23,166246.23
40/60 (TA ETF),Baseline (2010–2019),Absolute Threshold,0.05,Abs Threshold 5% | No TLH,1564320.76,1469830.64,1545007.55,1450979.91,-19313.209999999963,-18850.72999999998,27,1798.98,2741.66,92591.29,92171.17
40/60 (TA ETF),Baseline (2010–2019),Absolute Threshold,0.1,Abs Threshold 10% | No TLH,1610948.43,1513308.23,1595795.22,1500768.95,-15153.209999999963,-12539.280000000028,20,1874.54,2863.09,95666.71,93104.95
40/60 (TA ETF),Baseline (2010–2019),Absolute Threshold,0.2,Abs Threshold 20% | No TLH,1696593.53,1554999.2,1682813.04,1541939.96,-13780.48999999999,-13059.23999999999,9,1198.56,1773.29,139558.42,138858.17
40/60 (TA ETF),Baseline (2010–2019),Calendar,Monthly,Monthly Rebal | No TLH,1536320.51,1449973.72,1535070.06,1449301.99,-1250.4499999999534,-671.7299999999814,209,4624.51,5453.58,84494.79,83914.69
40/60 (TA ETF),Baseline (2010–2019),Calendar,Quarterly,Quarterly Rebal | No TLH,1552947.11,1461251.91,1555400.68,1460332.61,2453.5699999998324,-919.2999999998137,93,3143.91,3999.41,89826.89,93196.68
40/60 (TA ETF),Baseline (2010–2019),Calendar,Yearly,Yearly Rebal | No TLH,1546794.68,1450518.23,1538605.38,1440596.47,-8189.300000000047,-9921.76000000001,30,2021.41,2911.36,94419.83,96161.43
40/60 (TA ETF),Baseline (2010–2019),Relative Threshold,0.25,Rel Threshold 25% | No TLH,1536390.62,1446626.99,1542198.42,1448825.93,5807.799999999814,2198.939999999944,45,1927.43,2987.54,87909.29,91511.86
40/60 (TA ETF),Baseline (2010–2019),Relative Threshold,0.5,Rel Threshold 50% | No TLH,1572937.34,1477476.04,1553465.96,1460747.86,-19471.38000000012,-16728.179999999935,15,1841.56,2660.95,93556.54,90858.2
100/0 (TA ETF),Bear (2007–2008),Absolute Threshold,0.05,Abs Threshold 5% | No TLH,632540.88,632831.83,638118.82,637354.34,5577.939999999944,4522.510000000009,26,1198.56,6112.84,-1050.0,0.0
100/0 (TA ETF),Bear (2007–2008),Absolute Threshold,0.1,Abs Threshold 10% | No TLH,632540.88,632831.83,638118.82,637354.34,5577.939999999944,4522.510000000009,26,1198.56,6112.84,-1050.0,0.0
100/0 (TA ETF),Bear (2007–2008),Absolute Threshold,0.2,Abs Threshold 20% | No TLH,632540.88,632831.83,638118.82,637354.34,5577.939999999944,4522.510000000009,26,1198.56,6112.84,-1050.0,0.0
100/0 (TA ETF),Bear (2007–2008),Calendar,Monthly,Monthly Rebal | No TLH,633873.44,633114.06,628607.46,627854.39,-5265.979999999981,-5259.670000000042,87,1529.39,7753.31,0.0,0.0
100/0 (TA ETF),Bear (2007–2008),Calendar,Quarterly,Quarterly Rebal | No TLH,632985.86,633118.09,630845.5,630089.75,-2140.359999999986,-3028.3399999999674,60,1358.29,8101.78,-891.62,0.0
100/0 (TA ETF),Bear (2007–2008),Calendar,Yearly,Yearly Rebal | No TLH,632525.64,634491.49,640937.35,640169.49,8411.709999999963,5678.0,40,1262.32,6176.66,-2726.89,0.0
100/0 (TA ETF),Bear (2007–2008),Relative Threshold,0.25,Rel Threshold 25% | No TLH,637135.99,636947.67,650249.64,649470.6,13113.650000000023,12522.929999999935,28,1340.17,6103.97,-575.67,0.0
100/0 (TA ETF),Bear (2007–2008),Relative Threshold,0.5,Rel Threshold 50% | No TLH,632540.88,632831.83,638118.82,637354.34,5577.939999999944,4522.510000000009,26,1198.56,6112.84,-1050.0,0.0
2-ETF (IVV/EFA),Bear (2007–2008),Absolute Threshold,0.05,Abs Threshold 5% | No TLH,625986.86,626285.68,637847.95,637083.79,11861.089999999967,10798.109999999986,3,1198.56,4558.82,-1050.0,0.0
2-ETF (IVV/EFA),Bear (2007–2008),Absolute Threshold,0.1,Abs Threshold 10% | No TLH,625986.86,626285.68,637847.95,637083.79,11861.089999999967,10798.109999999986,3,1198.56,4558.82,-1050.0,0.0
2-ETF (IVV/EFA),Bear (2007–2008),Absolute Threshold,0.2,Abs Threshold 20% | No TLH,625986.86,626285.68,637847.95,637083.79,11861.089999999967,10798.109999999986,3,1198.56,4558.82,-1050.0,0.0
2-ETF (IVV/EFA),Bear (2007–2008),Calendar,Monthly,Monthly Rebal | No TLH,626948.36,626767.42,634726.93,633966.52,7778.570000000065,7199.099999999977,12,1435.19,4489.53,-570.82,0.0
2-ETF (IVV/EFA),Bear (2007–2008),Calendar,Quarterly,Quarterly Rebal | No TLH,626567.63,626762.11,633943.28,633183.8,7375.650000000023,6421.6900000000605,10,1278.74,4397.55,-946.25,0.0
2-ETF (IVV/EFA),Bear (2007–2008),Calendar,Yearly,Yearly Rebal | No TLH,626232.07,626669.24,638186.59,637422.03,11954.520000000019,10752.790000000037,6,1220.22,4630.49,-1188.87,0.0
2-ETF (IVV/EFA),Bear (2007–2008),Relative Threshold,0.25,Rel Threshold 25% | No TLH,625986.86,626285.68,637847.95,637083.79,11861.089999999967,10798.109999999986,3,1198.56,4558.82,-1050.0,0.0
2-ETF (IVV/EFA),Bear (2007–2008),Relative Threshold,0.5,Rel Threshold 50% | No TLH,625986.86,626285.68,637847.95,637083.79,11861.089999999967,10798.109999999986,3,1198.56,4558.82,-1050.0,0.0
3-ETF (SPY/TLT/GLD),Bear (2007–2008),Absolute Threshold,0.05,Abs Threshold 5% | No TLH,1022875.34,1022655.63,1043944.01,1032207.96,21068.670000000042,9552.329999999958,7,1710.97,4278.86,-1016.64,10484.57
3-ETF (SPY/TLT/GLD),Bear (2007–2008),Absolute Threshold,0.1,Abs Threshold 10% | No TLH,1037870.15,1032217.16,1057231.39,1042899.0,19361.239999999874,10681.839999999967,4,1457.39,3893.48,4402.35,13064.97
3-ETF (SPY/TLT/GLD),Bear (2007–2008),Absolute Threshold,0.2,Abs Threshold 20% | No TLH,1067489.87,1052471.2,1080362.94,1061464.7,12873.069999999832,8993.5,3,1198.56,3452.37,13737.69,17603.06
3-ETF (SPY/TLT/GLD),Bear (2007–2008),Calendar,Monthly,Monthly Rebal | No TLH,1019686.51,1020438.52,1026056.02,1018408.89,6369.510000000009,-2029.6300000000047,28,2153.89,4753.0,-1984.72,6417.12
3-ETF (SPY/TLT/GLD),Bear (2007–2008),Calendar,Quarterly,Quarterly Rebal | No TLH,1026877.59,1024526.48,1037765.7,1027874.69,10888.109999999986,3348.2099999999627,20,1573.2,4225.94,1112.88,8646.95
3-ETF (SPY/TLT/GLD),Bear (2007–2008),Calendar,Yearly,Yearly Rebal | No TLH,1054492.68,1044874.09,1071618.76,1054420.7,17126.080000000075,9546.609999999986,6,1318.22,3748.1,8347.62,15913.37
3-ETF (SPY/TLT/GLD),Bear (2007–2008),Relative Threshold,0.25,Rel Threshold 25% | No TLH,1032621.14,1029578.46,1054477.11,1040636.09,21855.97000000009,11057.630000000005,7,1562.88,4207.42,1795.98,12576.91
3-ETF (SPY/TLT/GLD),Bear (2007–2008),Relative Threshold,0.5,Rel Threshold 50% | No TLH,1068846.51,1052627.72,1082712.09,1063271.78,13865.580000000075,10644.060000000056,3,1566.0,3799.46,14930.71,18142.31
40/60 (TA ETF),Bear (2007–2008),Absolute Threshold,0.05,Abs Threshold 5% | No TLH,828248.71,827126.97,815467.08,814489.78,-12781.630000000005,-12637.189999999944,31,1400.47,4144.69,129.1,0.0
40/60 (TA ETF),Bear (2007–2008),Absolute Threshold,0.1,Abs Threshold 10% | No TLH,834550.51,834599.05,816849.95,815870.99,-17700.560000000056,-18728.060000000056,33,1198.56,3977.99,-1050.0,0.0
40/60 (TA ETF),Bear (2007–2008),Absolute Threshold,0.2,Abs Threshold 20% | No TLH,834550.51,834599.05,816849.95,815870.99,-17700.560000000056,-18728.060000000056,33,1198.56,3977.99,-1050.0,0.0
40/60 (TA ETF),Bear (2007–2008),Calendar,Monthly,Monthly Rebal | No TLH,816421.93,815443.48,804094.32,803130.66,-12327.610000000102,-12312.819999999949,62,1632.1,5424.88,0.0,0.0
40/60 (TA ETF),Bear (2007–2008),Calendar,Quarterly,Quarterly Rebal | No TLH,816725.25,816676.61,797066.97,796111.75,-19658.280000000028,-20564.859999999986,79,1338.85,5093.29,-931.29,0.0
40/60 (TA ETF),Bear (2007–2008),Calendar,Yearly,Yearly Rebal | No TLH,832695.77,832354.0,815780.8,814803.13,-16914.969999999972,-17550.869999999995,57,1209.58,4396.32,-657.51,0.0
40/60 (TA ETF),Bear (2007–2008),Relative Threshold,0.25,Rel Threshold 25% | No TLH,818048.99,817544.45,800626.43,799666.94,-17422.55999999994,-17877.51000000001,56,1464.13,5395.22,-476.43,0.0
40/60 (TA ETF),Bear (2007–2008),Relative Threshold,0.5,Rel Threshold 50% | No TLH,832279.09,831444.43,814373.18,813397.19,-17905.909999999916,-18047.240000000107,33,1418.75,4232.52,-163.01,0.0
100/0 (TA ETF),Bull (2023–2024),Absolute Threshold,0.05,Abs Threshold 5% | No TLH,1485776.46,1386598.52,1485776.46,1386598.52,0.0,0.0,0,1198.56,1198.56,97395.0,97395.0
100/0 (TA ETF),Bull (2023–2024),Absolute Threshold,0.1,Abs Threshold 10% | No TLH,1485776.46,1386598.52,1485776.46,1386598.52,0.0,0.0,0,1198.56,1198.56,97395.0,97395.0
100/0 (TA ETF),Bull (2023–2024),Absolute Threshold,0.2,Abs Threshold 20% | No TLH,1485776.46,1386598.52,1485776.46,1386598.52,0.0,0.0,0,1198.56,1198.56,97395.0,97395.0
100/0 (TA ETF),Bull (2023–2024),Calendar,Monthly,Monthly Rebal | No TLH,1456620.58,1369471.84,1456571.61,1369385.25,-48.96999999997206,-86.59000000008382,4,1633.12,1645.44,85391.75,85429.32
100/0 (TA ETF),Bull (2023–2024),Calendar,Quarterly,Quarterly Rebal | No TLH,1462480.63,1371435.67,1462379.32,1371331.3,-101.30999999982305,-104.36999999987893,1,1445.48,1451.74,89285.0,89288.14
100/0 (TA ETF),Bull (2023–2024),Calendar,Yearly,Yearly Rebal | No TLH,1471286.47,1376264.68,1471286.47,1376264.68,0.0,0.0,0,1284.98,1284.98,93251.54,93251.54
100/0 (TA ETF),Bull (2023–2024),Relative Threshold,0.25,Rel Threshold 25% | No TLH,1472437.79,1377049.4,1473392.07,1377580.34,954.2800000000279,530.940000000177,3,1270.18,1306.39,93617.84,94040.75
100/0 (TA ETF),Bull (2023–2024),Relative Threshold,0.5,Rel Threshold 50% | No TLH,1485776.46,1386598.52,1485776.46,1386598.52,0.0,0.0,0,1198.56,1198.56,97395.0,97395.0
2-ETF (IVV/EFA),Bull (2023–2024),Absolute Threshold,0.05,Abs Threshold 5% | No TLH,1367874.56,1296341.04,1367874.56,1296341.04,0.0,0.0,0,1371.52,1371.52,69886.13,69886.13
2-ETF (IVV/EFA),Bull (2023–2024),Absolute Threshold,0.1,Abs Threshold 10% | No TLH,1378698.69,1301064.81,1378698.69,1301064.81,0.0,0.0,0,1198.56,1198.56,75979.45,75979.45
2-ETF (IVV/EFA),Bull (2023–2024),Absolute Threshold,0.2,Abs Threshold 20% | No TLH,1378698.69,1301064.81,1378698.69,1301064.81,0.0,0.0,0,1198.56,1198.56,75979.45,75979.45
2-ETF (IVV/EFA),Bull (2023–2024),Calendar,Monthly,Monthly Rebal | No TLH,1359918.64,1290563.56,1359915.1,1290574.01,-3.5399999998044223,10.449999999953434,1,1509.28,1514.45,67717.08,67703.06
2-ETF (IVV/EFA),Bull (2023–2024),Calendar,Quarterly,Quarterly Rebal | No TLH,1364703.59,1291941.99,1364703.59,1291941.99,0.0,0.0,0,1354.05,1354.05,71121.52,71121.52
2-ETF (IVV/EFA),Bull (2023–2024),Calendar,Yearly,Yearly Rebal | No TLH,1370218.9,1294937.51,1370218.9,1294937.51,0.0,0.0,0,1267.38,1267.38,73634.78,73634.78
2-ETF (IVV/EFA),Bull (2023–2024),Relative Threshold,0.25,Rel Threshold 25% | No TLH,1378698.69,1301064.81,1378698.69,1301064.81,0.0,0.0,0,1198.56,1198.56,75979.45,75979.45
2-ETF (IVV/EFA),Bull (2023–2024),Relative Threshold,0.5,Rel Threshold 50% | No TLH,1378698.69,1301064.81,1378698.69,1301064.81,0.0,0.0,0,1198.56,1198.56,75979.45,75979.45
3-ETF (SPY/TLT/GLD),Bull (2023–2024),Absolute Threshold,0.05,Abs Threshold 5% | No TLH,1208830.82,1168888.99,1223008.3,1176071.04,14177.479999999981,7182.050000000047,2,1468.93,2389.98,38487.5,45469.66
3-ETF (SPY/TLT/GLD),Bull (2023–2024),Absolute Threshold,0.1,Abs Threshold 10% | No TLH,1219700.63,1180714.08,1238352.46,1188628.57,18651.830000000075,7914.489999999991,1,1506.85,2359.43,37512.81,48237.42
3-ETF (SPY/TLT/GLD),Bull (2023–2024),Absolute Threshold,0.2,Abs Threshold 20% | No TLH,1241288.36,1191301.43,1251746.87,1198645.51,10458.51000000001,7344.0800000000745,1,1198.56,2055.72,48497.38,51600.52
3-ETF (SPY/TLT/GLD),Bull (2023–2024),Calendar,Monthly,Monthly Rebal | No TLH,1197273.44,1162408.88,1209781.28,1166527.01,12507.840000000084,4118.130000000121,3,1823.87,2685.41,33419.48,41802.73
3-ETF (SPY/TLT/GLD),Bull (2023–2024),Calendar,Quarterly,Quarterly Rebal | No TLH,1203247.16,1164723.49,1220948.26,1174413.48,17701.100000000093,9689.98999999999,4,1557.67,2449.94,37075.22,45069.64
3-ETF (SPY/TLT/GLD),Bull (2023–2024),Calendar,Yearly,Yearly Rebal | No TLH,1218219.74,1175132.96,1232142.18,1183381.54,13922.439999999944,8248.580000000075,2,1329.67,2318.18,41620.47,47282.07
3-ETF (SPY/TLT/GLD),Bull (2023–2024),Relative Threshold,0.25,Rel Threshold 25% | No TLH,1218226.65,1176999.18,1234165.1,1185001.45,15938.450000000186,8002.270000000019,1,1444.07,2298.2,39759.33,47682.66
3-ETF (SPY/TLT/GLD),Bull (2023–2024),Relative Threshold,0.5,Rel Threshold 50% | No TLH,1241288.36,1191301.43,1251746.87,1198645.51,10458.51000000001,7344.0800000000745,1,1198.56,2055.72,48497.38,51600.52
40/60 (TA ETF),Bull (2023–2024),Absolute Threshold,0.05,Abs Threshold 5% | No TLH,1188687.39,1157232.26,1188903.17,1156287.46,215.78000000002794,-944.8000000000466,1,1501.27,1652.75,30016.68,31178.04
40/60 (TA ETF),Bull (2023–2024),Absolute Threshold,0.1,Abs Threshold 10% | No TLH,1199164.7,1157653.05,1198530.93,1156278.03,-633.7700000000186,-1375.0200000000186,1,1198.56,1348.67,40072.65,40815.92
40/60 (TA ETF),Bull (2023–2024),Absolute Threshold,0.2,Abs Threshold 20% | No TLH,1199164.7,1157653.05,1198530.93,1156278.03,-633.7700000000186,-1375.0200000000186,1,1198.56,1348.67,40072.65,40815.92
40/60 (TA ETF),Bull (2023–2024),Calendar,Monthly,Monthly Rebal | No TLH,1164953.21,1135635.06,1166516.19,1135778.55,1562.9799999999814,143.4899999999907,13,1691.33,1870.65,27913.08,29330.32
40/60 (TA ETF),Bull (2023–2024),Calendar,Quarterly,Quarterly Rebal | No TLH,1169540.3,1137488.06,1170638.41,1137391.89,1098.1099999998696,-96.17000000015832,4,1478.51,1644.21,30644.26,31837.04
40/60 (TA ETF),Bull (2023–2024),Calendar,Yearly,Yearly Rebal | No TLH,1179812.38,1143888.39,1180970.01,1143799.51,1157.630000000121,-88.87999999988824,1,1323.63,1472.97,34503.31,35750.33
40/60 (TA ETF),Bull (2023–2024),Relative Threshold,0.25,Rel Threshold 25% | No TLH,1176521.68,1143145.58,1177285.95,1142669.87,764.2700000000186,-475.70999999996275,2,1418.42,1576.92,31959.38,33198.89
40/60 (TA ETF),Bull (2023–2024),Relative Threshold,0.5,Rel Threshold 50% | No TLH,1182949.36,1149245.95,1183211.65,1148324.0,262.2899999998044,-921.9499999999534,1,1420.81,1571.52,32276.98,33461.96
100/0 (TA ETF),Past 10Y (2016–2025),Absolute Threshold,0.05,Abs Threshold 5% | No TLH,3116618.89,2693476.61,3087029.12,2665089.02,-29589.77000000002,-28387.58999999985,5,1409.1,2199.19,419396.03,418235.66
100/0 (TA ETF),Past 10Y (2016–2025),Absolute Threshold,0.1,Abs Threshold 10% | No TLH,3239358.21,2787359.63,3206052.35,2759372.34,-33305.85999999987,-27987.290000000037,5,1198.56,1972.18,448111.35,442834.91
100/0 (TA ETF),Past 10Y (2016–2025),Absolute Threshold,0.2,Abs Threshold 20% | No TLH,3239358.21,2787359.63,3206052.35,2759372.34,-33305.85999999987,-27987.290000000037,5,1198.56,1972.18,448111.35,442834.91
100/0 (TA ETF),Past 10Y (2016–2025),Calendar,Monthly,Monthly Rebal | No TLH,2949905.41,2596529.4,2926595.82,2575325.47,-23309.590000000317,-21203.929999999702,257,4344.02,6763.3,349822.32,347742.47
100/0 (TA ETF),Past 10Y (2016–2025),Calendar,Quarterly,Quarterly Rebal | No TLH,2972312.99,2609652.96,2967917.79,2599314.88,-4395.200000000186,-10338.080000000075,114,3199.54,4876.24,359071.37,365018.58
100/0 (TA ETF),Past 10Y (2016–2025),Calendar,Yearly,Yearly Rebal | No TLH,3015083.32,2641359.79,3024127.54,2637021.4,9044.220000000205,-4338.39000000013,32,2403.19,3926.49,370090.23,383460.98
100/0 (TA ETF),Past 10Y (2016–2025),Relative Threshold,0.25,Rel Threshold 25% | No TLH,3021765.81,2638512.81,3023227.52,2622829.06,1461.7099999999627,-15683.75,23,1904.95,3433.54,379618.53,396767.63
100/0 (TA ETF),Past 10Y (2016–2025),Relative Threshold,0.5,Rel Threshold 50% | No TLH,3079216.7,2683812.1,3053689.96,2653984.61,-25526.740000000224,-29827.490000000224,7,1818.12,2634.71,391681.39,396042.18
2-ETF (IVV/EFA),Past 10Y (2016–2025),Absolute Threshold,0.05,Abs Threshold 5% | No TLH,2561314.26,2263576.51,2564216.67,2247776.61,2902.410000000149,-15799.899999999907,5,1773.08,3842.05,294649.6,313360.28
2-ETF (IVV/EFA),Past 10Y (2016–2025),Absolute Threshold,0.1,Abs Threshold 10% | No TLH,2613863.01,2298033.84,2609054.35,2282177.92,-4808.659999999683,-15855.919999999925,3,1561.64,3529.8,312676.92,323746.83
2-ETF (IVV/EFA),Past 10Y (2016–2025),Absolute Threshold,0.2,Abs Threshold 20% | No TLH,2696822.22,2353981.88,2671508.38,2332212.13,-25313.840000000317,-21769.75,2,1198.56,2801.91,339604.16,336092.06
2-ETF (IVV/EFA),Past 10Y (2016–2025),Calendar,Monthly,Monthly Rebal | No TLH,2507619.68,2231722.55,2520483.94,2243219.83,12864.259999999776,11497.28000000026,56,3423.68,4263.63,272876.94,274223.43
2-ETF (IVV/EFA),Past 10Y (2016–2025),Calendar,Quarterly,Quarterly Rebal | No TLH,2525074.16,2239382.38,2570684.3,2269157.31,45610.139999999665,29774.930000000168,28,2599.56,4263.42,282647.73,298423.59
2-ETF (IVV/EFA),Past 10Y (2016–2025),Calendar,Yearly,Yearly Rebal | No TLH,2540407.42,2251232.46,2585507.18,2274163.5,45099.76000000024,22931.040000000037,10,2080.42,3570.2,286111.63,308224.65
2-ETF (IVV/EFA),Past 10Y (2016–2025),Relative Threshold,0.25,Rel Threshold 25% | No TLH,2606996.63,2309095.3,2592881.16,2283952.38,-14115.46999999974,-25142.919999999925,2,1952.55,3569.82,294739.59,305795.92
2-ETF (IVV/EFA),Past 10Y (2016–2025),Relative Threshold,0.5,Rel Threshold 50% | No TLH,2656962.74,2359996.73,2646093.1,2339089.5,-10869.64000000013,-20907.22999999998,2,2069.22,3704.4,293720.53,303787.86
3-ETF (SPY/TLT/GLD),Past 10Y (2016–2025),Absolute Threshold,0.05,Abs Threshold 5% | No TLH,1915330.58,1785525.97,2006932.85,1825960.41,91602.27000000002,40434.439999999944,20,3135.0,7250.42,127476.98,178546.02
3-ETF (SPY/TLT/GLD),Past 10Y (2016–2025),Absolute Threshold,0.1,Abs Threshold 10% | No TLH,1976749.75,1822049.82,2054159.3,1850502.86,77409.55000000005,28453.040000000037,7,2356.39,5779.04,152300.49,201173.3
3-ETF (SPY/TLT/GLD),Past 10Y (2016–2025),Absolute Threshold,0.2,Abs Threshold 20% | No TLH,2168435.97,1958461.89,2223756.77,1976586.97,55320.799999999814,18125.080000000075,4,1943.66,4897.42,207331.84,244486.36
3-ETF (SPY/TLT/GLD),Past 10Y (2016–2025),Calendar,Monthly,Monthly Rebal | No TLH,1870152.59,1756345.55,1943840.6,1785039.23,73688.01000000001,28693.679999999935,114,6070.95,10068.47,111537.21,156444.78
3-ETF (SPY/TLT/GLD),Past 10Y (2016–2025),Calendar,Quarterly,Quarterly Rebal | No TLH,1909103.6,1790293.01,1997975.92,1822186.31,88872.31999999983,31893.300000000047,55,4302.72,8710.49,116490.4,173376.38
3-ETF (SPY/TLT/GLD),Past 10Y (2016–2025),Calendar,Yearly,Yearly Rebal | No TLH,1928900.78,1781115.18,2022011.73,1821391.57,93110.94999999995,40276.39000000013,23,2535.41,6365.32,145454.34,198188.75
3-ETF (SPY/TLT/GLD),Past 10Y (2016–2025),Relative Threshold,0.25,Rel Threshold 25% | No TLH,1945408.94,1797171.59,2033391.91,1838006.95,87982.96999999997,40835.35999999987,9,2425.44,6170.61,145886.62,192933.62
3-ETF (SPY/TLT/GLD),Past 10Y (2016–2025),Relative Threshold,0.5,Rel Threshold 50% | No TLH,2055291.96,1897457.31,2133826.47,1927490.18,78534.51000000024,30032.86999999988,6,2559.67,6330.99,155316.26,203741.36
40/60 (TA ETF),Past 10Y (2016–2025),Absolute Threshold,0.05,Abs Threshold 5% | No TLH,1633002.75,1525881.14,1629437.44,1499577.68,-3565.310000000056,-26303.459999999963,36,1844.36,4771.06,105143.53,127894.4
40/60 (TA ETF),Past 10Y (2016–2025),Absolute Threshold,0.1,Abs Threshold 10% | No TLH,1713191.37,1595050.36,1700327.2,1566354.65,-12864.170000000158,-28695.710000000196,19,1893.87,4313.4,116044.72,131913.63
40/60 (TA ETF),Past 10Y (2016–2025),Absolute Threshold,0.2,Abs Threshold 20% | No TLH,1917161.95,1731189.25,1899032.72,1703269.2,-18129.22999999998,-27920.050000000047,17,1198.56,3085.1,183672.1,193487.79
40/60 (TA ETF),Past 10Y (2016–2025),Calendar,Monthly,Monthly Rebal | No TLH,1542429.4,1468024.37,1545107.96,1451428.85,2678.560000000056,-16595.52000000002,505,4750.44,10437.66,72544.36,91814.62
40/60 (TA ETF),Past 10Y (2016–2025),Calendar,Quarterly,Quarterly Rebal | No TLH,1564595.08,1487543.7,1567667.57,1469887.92,3072.4899999999907,-17655.780000000028,255,3407.63,7741.06,75158.48,95881.97
40/60 (TA ETF),Past 10Y (2016–2025),Calendar,Yearly,Yearly Rebal | No TLH,1570306.58,1484713.14,1585757.54,1476417.77,15450.959999999963,-8295.369999999879,94,2327.23,5577.51,83698.49,107425.74
40/60 (TA ETF),Past 10Y (2016–2025),Relative Threshold,0.25,Rel Threshold 25% | No TLH,1574034.6,1495138.85,1576485.38,1474090.3,2450.779999999795,-21048.550000000047,89,2676.7,6099.26,76994.62,100488.71
40/60 (TA ETF),Past 10Y (2016–2025),Relative Threshold,0.5,Rel Threshold 50% | No TLH,1597598.13,1506765.66,1598097.51,1483746.2,499.3800000001211,-23019.459999999963,52,2063.78,5217.2,88894.17,112416.32
100/0 (TA ETF),Past 20Y (2006–2025),Absolute Threshold,0.05,Abs Threshold 5% | No TLH,4507947.39,3833704.08,4469985.07,3752897.59,-37962.31999999937,-80806.49000000022,47,1989.69,11139.14,668796.88,711713.87
100/0 (TA ETF),Past 20Y (2006–2025),Absolute Threshold,0.1,Abs Threshold 10% | No TLH,4996911.41,4336232.06,4504685.48,3985276.11,-492225.9299999997,-350955.9499999997,34,3737.81,12302.85,654455.01,513680.3
100/0 (TA ETF),Past 20Y (2006–2025),Absolute Threshold,0.2,Abs Threshold 20% | No TLH,5181902.24,4339063.8,4777007.87,3987910.06,-404894.3700000001,-351153.73999999976,34,1198.56,8044.37,836620.16,783369.39
100/0 (TA ETF),Past 20Y (2006–2025),Calendar,Monthly,Monthly Rebal | No TLH,4173614.85,3608670.8,4093118.0,3519666.17,-80496.8500000001,-89004.62999999989,558,7430.7,19144.2,559915.23,568515.56
100/0 (TA ETF),Past 20Y (2006–2025),Calendar,Quarterly,Quarterly Rebal | No TLH,4216913.0,3638712.87,4275791.97,3639480.2,58878.96999999974,767.3300000000745,308,5116.77,15369.74,573106.67,631141.17
100/0 (TA ETF),Past 20Y (2006–2025),Calendar,Yearly,Yearly Rebal | No TLH,4289335.67,3698485.57,4421549.86,3744679.89,132214.1900000004,46194.3200000003,126,3602.32,13834.71,585678.94,671537.2
100/0 (TA ETF),Past 20Y (2006–2025),Relative Threshold,0.25,Rel Threshold 25% | No TLH,4351541.14,3730830.11,4245090.03,3592733.6,-106451.1099999994,-138096.50999999978,81,2783.48,12487.69,615474.01,647254.1
100/0 (TA ETF),Past 20Y (2006–2025),Relative Threshold,0.5,Rel Threshold 50% | No TLH,4431040.1,3805032.68,4420994.07,3741726.26,-10046.02999999933,-63306.42000000039,49,2560.63,11441.17,620637.49,673914.75
2-ETF (IVV/EFA),Past 20Y (2006–2025),Absolute Threshold,0.05,Abs Threshold 5% | No TLH,3309067.26,2897407.65,3372497.71,2897127.98,63430.450000000186,-279.6699999999255,11,2538.65,9357.72,407658.0,471295.56
2-ETF (IVV/EFA),Past 20Y (2006–2025),Absolute Threshold,0.1,Abs Threshold 10% | No TLH,3448466.61,2977126.04,3480343.39,2963168.14,31876.78000000026,-13957.899999999907,8,1927.18,8349.66,467180.69,512998.84
2-ETF (IVV/EFA),Past 20Y (2006–2025),Absolute Threshold,0.2,Abs Threshold 20% | No TLH,3604927.33,3137412.61,3628087.03,3110936.91,23159.69999999972,-26475.69999999972,8,2433.54,10263.96,463101.25,512797.67
2-ETF (IVV/EFA),Past 20Y (2006–2025),Calendar,Monthly,Monthly Rebal | No TLH,3219392.2,2824891.69,3312182.0,2862424.62,92789.79999999981,37532.93000000017,128,5451.99,12380.57,390620.97,445758.29
2-ETF (IVV/EFA),Past 20Y (2006–2025),Calendar,Quarterly,Quarterly Rebal | No TLH,3247490.18,2840144.58,3375299.06,2903742.32,127808.87999999989,63597.73999999976,67,3885.89,10363.57,403427.64,467477.67
2-ETF (IVV/EFA),Past 20Y (2006–2025),Calendar,Yearly,Yearly Rebal | No TLH,3273608.07,2862095.55,3385820.95,2908164.22,112212.88000000035,46068.67000000039,30,2834.47,7818.23,407561.18,473556.18
2-ETF (IVV/EFA),Past 20Y (2006–2025),Relative Threshold,0.25,Rel Threshold 25% | No TLH,3387826.96,2956573.56,3497227.43,2997020.15,109400.4700000002,40446.58999999985,9,2431.2,8569.08,427144.65,495976.27
2-ETF (IVV/EFA),Past 20Y (2006–2025),Relative Threshold,0.5,Rel Threshold 50% | No TLH,3563166.94,3070954.11,3597381.6,3055717.9,34214.66000000015,-15236.209999999963,8,1874.63,8857.77,487899.37,537348.1
3-ETF (SPY/TLT/GLD),Past 20Y (2006–2025),Absolute Threshold,0.05,Abs Threshold 5% | No TLH,3168692.49,2872062.75,3236078.68,2884222.35,67386.18999999994,12159.600000000093,42,7134.27,15140.55,292775.64,347923.39
3-ETF (SPY/TLT/GLD),Past 20Y (2006–2025),Absolute Threshold,0.1,Abs Threshold 10% | No TLH,3254690.96,2911810.62,3465474.59,3049161.67,210783.6299999999,137351.0499999998,18,4346.75,10318.73,338925.84,412098.41
3-ETF (SPY/TLT/GLD),Past 20Y (2006–2025),Absolute Threshold,0.2,Abs Threshold 20% | No TLH,3617235.87,3255169.41,3687949.93,3266666.31,70714.06000000006,11496.899999999907,10,4947.65,11067.02,357618.02,416778.06
3-ETF (SPY/TLT/GLD),Past 20Y (2006–2025),Calendar,Monthly,Monthly Rebal | No TLH,3038280.6,2775353.45,3082006.67,2774409.98,43726.06999999983,-943.4700000002049,158,15053.91,21964.15,259236.89,303856.47
3-ETF (SPY/TLT/GLD),Past 20Y (2006–2025),Calendar,Quarterly,Quarterly Rebal | No TLH,3137555.53,2863565.03,3023997.94,2713329.8,-113557.58999999985,-150235.22999999998,115,9715.15,18031.04,270176.89,306994.48
3-ETF (SPY/TLT/GLD),Past 20Y (2006–2025),Calendar,Yearly,Yearly Rebal | No TLH,3215189.9,2880003.93,3232906.78,2847692.09,17716.87999999989,-32311.840000000317,33,5284.33,10871.01,331295.7,381300.99
3-ETF (SPY/TLT/GLD),Past 20Y (2006–2025),Relative Threshold,0.25,Rel Threshold 25% | No TLH,3231977.32,2899015.05,3300540.38,2919500.85,68563.06000000006,20485.80000000028,23,5018.61,11497.13,329056.01,377051.2
3-ETF (SPY/TLT/GLD),Past 20Y (2006–2025),Relative Threshold,0.5,Rel Threshold 50% | No TLH,3596119.35,3209184.7,3540290.43,3122538.69,-55828.919999999925,-86646.01000000024,9,4870.17,10745.98,382522.54,413420.31
40/60 (TA ETF),Past 20Y (2006–2025),Absolute Threshold,0.05,Abs Threshold 5% | No TLH,1891910.06,1762346.33,1822387.82,1671227.23,-69522.23999999999,-91119.1000000001,99,2822.93,8694.32,127263.21,148974.09
40/60 (TA ETF),Past 20Y (2006–2025),Absolute Threshold,0.1,Abs Threshold 10% | No TLH,2012416.09,1846322.66,1938708.18,1753267.45,-73707.91000000015,-93055.20999999996,73,2071.87,7379.35,163619.61,183114.96
40/60 (TA ETF),Past 20Y (2006–2025),Absolute Threshold,0.2,Abs Threshold 20% | No TLH,2419440.24,2132409.15,2235599.67,1977668.82,-183840.5700000003,-154740.32999999984,51,1198.56,5316.26,284127.76,255256.6
40/60 (TA ETF),Past 20Y (2006–2025),Calendar,Monthly,Monthly Rebal | No TLH,1795107.52,1677772.05,1758412.17,1631287.54,-36695.35000000009,-46484.51000000001,886,8212.35,18374.22,115168.07,125000.33
40/60 (TA ETF),Past 20Y (2006–2025),Calendar,Quarterly,Quarterly Rebal | No TLH,1821715.17,1704288.16,1800874.23,1666390.98,-20840.939999999944,-37897.179999999935,536,5433.44,14395.81,115219.78,132300.87
40/60 (TA ETF),Past 20Y (2006–2025),Calendar,Yearly,Yearly Rebal | No TLH,1839688.58,1714692.45,1825508.84,1676452.19,-14179.73999999999,-38240.26000000001,227,3396.05,10463.17,122774.81,146856.34
40/60 (TA ETF),Past 20Y (2006–2025),Relative Threshold,0.25,Rel Threshold 25% | No TLH,1822585.3,1703619.4,1806672.76,1663259.84,-15912.540000000037,-40359.55999999982,211,3724.81,10750.51,116762.39,141224.71
40/60 (TA ETF),Past 20Y (2006–2025),Relative Threshold,0.5,Rel Threshold 50% | No TLH,1907691.78,1774855.91,1867693.16,1706954.18,-39998.62000000011,-67901.72999999998,112,2976.82,8752.22,130512.96,158468.49
100/0 (TA ETF),Past 5Y (2021–2025),Absolute Threshold,0.05,Abs Threshold 5% | No TLH,1746581.62,1594929.68,1751728.85,1597992.98,5147.229999999981,3063.3000000000466,8,1198.56,2246.45,149556.04,151635.06
100/0 (TA ETF),Past 5Y (2021–2025),Absolute Threshold,0.1,Abs Threshold 10% | No TLH,1746581.62,1594929.68,1751728.85,1597992.98,5147.229999999981,3063.3000000000466,8,1198.56,2246.45,149556.04,151635.06
100/0 (TA ETF),Past 5Y (2021–2025),Absolute Threshold,0.2,Abs Threshold 20% | No TLH,1746581.62,1594929.68,1751728.85,1597992.98,5147.229999999981,3063.3000000000466,8,1198.56,2246.45,149556.04,151635.06
100/0 (TA ETF),Past 5Y (2021–2025),Calendar,Monthly,Monthly Rebal | No TLH,1715186.16,1577307.66,1724025.18,1577297.45,8839.020000000019,-10.209999999962747,104,2409.5,3958.41,135814.45,144650.16
100/0 (TA ETF),Past 5Y (2021–2025),Calendar,Quarterly,Quarterly Rebal | No TLH,1722799.1,1581725.91,1729305.15,1577389.9,6506.049999999814,-4336.010000000009,52,1992.83,3395.66,138997.68,149830.76
100/0 (TA ETF),Past 5Y (2021–2025),Calendar,Yearly,Yearly Rebal | No TLH,1737261.22,1591947.72,1755315.72,1595565.14,18054.5,3617.4199999999255,17,1639.49,2959.49,143222.58,157639.57
100/0 (TA ETF),Past 5Y (2021–2025),Relative Threshold,0.25,Rel Threshold 25% | No TLH,1741187.36,1597026.21,1753848.72,1594594.1,12661.35999999987,-2432.1099999998696,19,1630.26,2926.72,142065.36,157150.92
100/0 (TA ETF),Past 5Y (2021–2025),Relative Threshold,0.5,Rel Threshold 50% | No TLH,1739521.68,1591941.83,1746655.48,1589043.65,7133.800000000047,-2898.1800000001676,8,1356.84,2486.02,145488.39,155513.34
2-ETF (IVV/EFA),Past 5Y (2021–2025),Absolute Threshold,0.05,Abs Threshold 5% | No TLH,1621211.12,1500403.03,1617817.66,1484090.2,-3393.4600000001956,-16312.830000000075,4,1500.24,3355.42,118856.09,131786.08
2-ETF (IVV/EFA),Past 5Y (2021–2025),Absolute Threshold,0.1,Abs Threshold 10% | No TLH,1638661.96,1517043.6,1636269.91,1500648.95,-2392.0500000000466,-16394.65000000014,2,1533.23,3158.02,119639.37,133652.29
2-ETF (IVV/EFA),Past 5Y (2021–2025),Absolute Threshold,0.2,Abs Threshold 20% | No TLH,1632236.49,1503590.8,1622825.63,1494912.0,-9410.860000000102,-8678.800000000047,2,1198.56,2811.84,126687.01,125967.49
2-ETF (IVV/EFA),Past 5Y (2021–2025),Calendar,Monthly,Monthly Rebal | No TLH,1602801.58,1485848.9,1626929.42,1494545.18,24127.83999999985,8696.280000000028,22,2073.33,3223.93,115024.53,130423.9
2-ETF (IVV/EFA),Past 5Y (2021–2025),Calendar,Quarterly,Quarterly Rebal | No TLH,1610318.26,1489330.05,1607819.63,1474526.58,-2498.630000000121,-14803.469999999972,13,1794.52,3614.6,119050.07,131363.36
2-ETF (IVV/EFA),Past 5Y (2021–2025),Calendar,Yearly,Yearly Rebal | No TLH,1615106.39,1493169.8,1616692.45,1481537.95,1586.0600000000559,-11631.850000000093,4,1568.22,3384.5,119992.84,133214.48
2-ETF (IVV/EFA),Past 5Y (2021–2025),Relative Threshold,0.25,Rel Threshold 25% | No TLH,1630068.34,1509440.08,1627334.58,1492788.35,-2733.7600000000093,-16651.72999999998,2,1503.03,3128.45,118660.7,132589.37
2-ETF (IVV/EFA),Past 5Y (2021–2025),Relative Threshold,0.5,Rel Threshold 50% | No TLH,1632236.49,1503590.8,1622825.63,1494912.0,-9410.860000000102,-8678.800000000047,2,1198.56,2811.84,126687.01,125967.49
3-ETF (SPY/TLT/GLD),Past 5Y (2021–2025),Absolute Threshold,0.05,Abs Threshold 5% | No TLH,1217539.36,1177735.68,1252084.62,1191130.04,34545.26000000001,13394.360000000102,14,2067.96,6608.08,38339.83,59452.07
3-ETF (SPY/TLT/GLD),Past 5Y (2021–2025),Absolute Threshold,0.1,Abs Threshold 10% | No TLH,1257818.55,1209838.88,1285162.54,1215892.24,27343.98999999999,6053.360000000102,8,1657.17,5975.75,46461.82,67729.37
3-ETF (SPY/TLT/GLD),Past 5Y (2021–2025),Absolute Threshold,0.2,Abs Threshold 20% | No TLH,1315549.84,1263721.51,1348237.04,1267384.19,32687.199999999953,3662.679999999935,6,1749.0,5653.61,50229.83,79234.96
3-ETF (SPY/TLT/GLD),Past 5Y (2021–2025),Calendar,Monthly,Monthly Rebal | No TLH,1186544.98,1157212.27,1232340.1,1172734.37,45795.12000000011,15522.100000000093,49,2796.95,6586.59,27898.14,58126.92
3-ETF (SPY/TLT/GLD),Past 5Y (2021–2025),Calendar,Quarterly,Quarterly Rebal | No TLH,1191300.17,1161806.81,1245073.46,1180433.03,53773.29000000004,18626.219999999972,23,2148.76,5261.65,28052.74,63146.34
3-ETF (SPY/TLT/GLD),Past 5Y (2021–2025),Calendar,Yearly,Yearly Rebal | No TLH,1232751.02,1192552.66,1281031.41,1209705.31,48280.3899999999,17152.65000000014,12,1830.63,6237.35,38712.6,69788.85
3-ETF (SPY/TLT/GLD),Past 5Y (2021–2025),Relative Threshold,0.25,Rel Threshold 25% | No TLH,1234734.02,1195105.64,1268994.48,1206762.7,34260.45999999996,11657.060000000056,9,1763.26,6189.03,38141.35,60708.99
3-ETF (SPY/TLT/GLD),Past 5Y (2021–2025),Relative Threshold,0.5,Rel Threshold 50% | No TLH,1299591.09,1240276.88,1324743.74,1248212.42,25152.649999999907,7935.540000000037,6,1531.2,5436.51,57751.0,74942.88
40/60 (TA ETF),Past 5Y (2021–2025),Absolute Threshold,0.05,Abs Threshold 5% | No TLH,1185425.96,1149402.54,1184996.93,1129420.31,-429.03000000002794,-19982.22999999998,33,1422.17,4654.57,34596.74,54155.89
40/60 (TA ETF),Past 5Y (2021–2025),Absolute Threshold,0.1,Abs Threshold 10% | No TLH,1232553.28,1184323.85,1228005.23,1163833.71,-4548.050000000047,-20490.14000000013,30,1198.56,4368.26,46750.37,62700.29
40/60 (TA ETF),Past 5Y (2021–2025),Absolute Threshold,0.2,Abs Threshold 20% | No TLH,1232553.28,1184323.85,1228005.23,1163833.71,-4548.050000000047,-20490.14000000013,30,1198.56,4368.26,46750.37,62700.29
40/60 (TA ETF),Past 5Y (2021–2025),Calendar,Monthly,Monthly Rebal | No TLH,1142966.67,1118620.52,1149143.32,1099416.22,6176.65000000014,-19204.300000000047,211,2511.87,8744.69,22970.32,48346.55
40/60 (TA ETF),Past 5Y (2021–2025),Calendar,Quarterly,Quarterly Rebal | No TLH,1147204.73,1122446.83,1155164.89,1105616.23,7960.159999999916,-16830.600000000093,119,1969.67,6783.06,23374.92,48162.46
40/60 (TA ETF),Past 5Y (2021–2025),Calendar,Yearly,Yearly Rebal | No TLH,1161901.47,1134109.34,1170958.99,1119065.0,9057.520000000019,-15044.340000000084,46,1678.6,4982.31,26392.6,50488.83
40/60 (TA ETF),Past 5Y (2021–2025),Relative Threshold,0.25,Rel Threshold 25% | No TLH,1159451.99,1133417.31,1167516.58,1116439.99,8064.590000000084,-16977.320000000065,52,1890.17,5202.66,24636.17,49675.56
40/60 (TA ETF),Past 5Y (2021–2025),Relative Threshold,0.5,Rel Threshold 50% | No TLH,1187844.92,1155001.31,1191538.1,1135069.48,3693.1800000001676,-19931.830000000075,31,1529.0,4736.66,31408.5,55038.79
